-- ============================================================
-- Tunisian Family Tree - Seed Data
-- ============================================================
-- This file contains sample data for the Tunisian Family Tree app.
-- Run this AFTER running schema.sql
--
-- Contains:
--   - 14 Tunisian Families (Ben Ali, Trabelsi, Jedidi, Gharbi, Bouazizi,
--     Hammami, Jebali, Khelifi, Marzougui, Nasri, Oueslati, Saidi, Turki, Zarrouk)
--   - 94 People with real Tunisian cities
--   - 129 Relationships (PARENT_OF and SPOUSE_OF, including cross-family marriages)
--   - 16 User accounts
--   - 5 Regions, 8 Surnames, 10 Expertise Fields
--
-- Test Accounts (all passwords: password123):
--   - admin@benali.tn (ADMIN) - Ben Ali family
--   - editor@benali.tn (EDITOR) - Ben Ali family  
--   - admin@trabelsi.tn (ADMIN) - Trabelsi family
--   - tarek@bouazizi.tn (ADMIN) - Bouazizi family
--   - habib@hammami.tn (ADMIN) - Hammami family
--   - salem@jebali.tn (ADMIN) - Jebali family
--   - brahim@khelifi.tn (ADMIN) - Khelifi family
--   - slaheddine@marzougui.tn (ADMIN) - Marzougui family
--   - moncef@nasri.tn (ADMIN) - Nasri family
--   - adel@oueslati.tn (ADMIN) - Oueslati family
--   - abdallah@saidi.tn (ADMIN) - Saidi family
--   - salah@turki.tn (ADMIN) - Turki family
--   - mustapha@zarrouk.tn (ADMIN) - Zarrouk family
-- ============================================================

INSERT INTO public.expertise_fields VALUES ('e1000000-0000-0000-0000-000000000001', 'Medicine');
INSERT INTO public.expertise_fields VALUES ('e1000000-0000-0000-0000-000000000002', 'Engineering');
INSERT INTO public.expertise_fields VALUES ('e1000000-0000-0000-0000-000000000003', 'Law');
INSERT INTO public.expertise_fields VALUES ('e1000000-0000-0000-0000-000000000004', 'Education');
INSERT INTO public.expertise_fields VALUES ('e1000000-0000-0000-0000-000000000005', 'Business');
INSERT INTO public.expertise_fields VALUES ('d1000000-0000-0000-0000-000000000001', 'Medicine');
INSERT INTO public.expertise_fields VALUES ('d1000000-0000-0000-0000-000000000002', 'Engineering');
INSERT INTO public.expertise_fields VALUES ('d1000000-0000-0000-0000-000000000003', 'Law');
INSERT INTO public.expertise_fields VALUES ('d1000000-0000-0000-0000-000000000004', 'Education');
INSERT INTO public.expertise_fields VALUES ('d1000000-0000-0000-0000-000000000005', 'Business');
INSERT INTO public.families VALUES ('a1000000-0000-0000-0000-000000000001', 'Ben Ali', '2025-12-29 08:36:27.814578+00');
INSERT INTO public.families VALUES ('a2000000-0000-0000-0000-000000000002', 'Trabelsi', '2025-12-29 08:36:27.814578+00');
INSERT INTO public.families VALUES ('07a782d7-2e14-48ca-a20a-29c097f6c014', 'Jedidi', '2026-01-02 09:22:44.001208+00');
INSERT INTO public.families VALUES ('b6dac2ef-b08b-42f2-8b6e-ee2a11213b8f', 'Gharbi', '2026-01-02 09:32:04.755624+00');
INSERT INTO public.families VALUES ('f0000001-0000-0000-0000-000000000001', 'Bouazizi', '2026-01-02 09:36:59.326055+00');
INSERT INTO public.families VALUES ('f0000002-0000-0000-0000-000000000002', 'Hammami', '2026-01-02 09:36:59.326055+00');
INSERT INTO public.families VALUES ('f0000003-0000-0000-0000-000000000003', 'Jebali', '2026-01-02 09:36:59.326055+00');
INSERT INTO public.families VALUES ('f0000004-0000-0000-0000-000000000004', 'Khelifi', '2026-01-02 09:36:59.326055+00');
INSERT INTO public.families VALUES ('f0000005-0000-0000-0000-000000000005', 'Marzougui', '2026-01-02 09:36:59.326055+00');
INSERT INTO public.families VALUES ('f0000006-0000-0000-0000-000000000006', 'Nasri', '2026-01-02 09:36:59.326055+00');
INSERT INTO public.families VALUES ('f0000007-0000-0000-0000-000000000007', 'Oueslati', '2026-01-02 09:36:59.326055+00');
INSERT INTO public.families VALUES ('f0000008-0000-0000-0000-000000000008', 'Saidi', '2026-01-02 09:36:59.326055+00');
INSERT INTO public.families VALUES ('f0000009-0000-0000-0000-000000000009', 'Turki', '2026-01-02 09:36:59.326055+00');
INSERT INTO public.families VALUES ('f0000010-0000-0000-0000-000000000010', 'Zarrouk', '2026-01-02 09:36:59.326055+00');
INSERT INTO public.regions VALUES ('c1000000-0000-0000-0000-000000000001', 'Tunis');
INSERT INTO public.regions VALUES ('c1000000-0000-0000-0000-000000000002', 'Sfax');
INSERT INTO public.regions VALUES ('c1000000-0000-0000-0000-000000000003', 'Sousse');
INSERT INTO public.regions VALUES ('c1000000-0000-0000-0000-000000000004', 'Kairouan');
INSERT INTO public.regions VALUES ('c1000000-0000-0000-0000-000000000005', 'Bizerte');
INSERT INTO public.surnames VALUES ('e1000000-0000-0000-0000-000000000001', 'Ben Ali', '{Benali,Ben-Ali}', 'Common Tunisian surname', '2025-12-29 08:36:27.817812+00');
INSERT INTO public.surnames VALUES ('e1000000-0000-0000-0000-000000000002', 'Trabelsi', '{Tarabelsi,Trablesi}', 'From Tripoli origin', '2025-12-29 08:36:27.817812+00');
INSERT INTO public.surnames VALUES ('e1000000-0000-0000-0000-000000000003', 'Hammami', '{Hamami,"El Hammami"}', 'From public bath owners', '2025-12-29 08:36:27.817812+00');
INSERT INTO public.surnames VALUES ('e1000000-0000-0000-0000-000000000004', 'Bouazizi', '{Bouzizi}', 'Notable name', '2025-12-29 08:36:27.817812+00');
INSERT INTO public.surnames VALUES ('e1000000-0000-0000-0000-000000000005', 'Gharbi', '{"El Gharbi",Ghorbi}', 'From the West (Maghreb)', '2025-12-29 13:05:06.002087+00');
INSERT INTO public.surnames VALUES ('e1000000-0000-0000-0000-000000000006', 'Sfaxi', '{Sfaxien,"El Sfaxi"}', 'From Sfax', '2025-12-29 13:05:06.002087+00');
INSERT INTO public.surnames VALUES ('e1000000-0000-0000-0000-000000000007', 'Souissi', '{Souisi,"El Souissi"}', 'From Sousse', '2025-12-29 13:05:06.002087+00');
INSERT INTO public.surnames VALUES ('e1000000-0000-0000-0000-000000000008', 'Kairouani', '{Guirouani,"El Kairouani"}', 'From Kairouan - holy city', '2025-12-29 13:05:06.002087+00');
INSERT INTO public.people VALUES ('f1000000-0000-0000-0000-000000000005', 'a1000000-0000-0000-0000-000000000001', 'Youssef', 'Ben Ali', 'e1000000-0000-0000-0000-000000000001', 'c1000000-0000-0000-0000-000000000001', NULL, '2005-09-18', NULL, 'Grandson, student', '2025-12-29 08:36:27.818289+00', NULL);
INSERT INTO public.people VALUES ('f2000000-0000-0000-0000-000000000001', 'a2000000-0000-0000-0000-000000000002', 'Karim', 'Trabelsi', 'e1000000-0000-0000-0000-000000000002', 'c1000000-0000-0000-0000-000000000002', 'd1000000-0000-0000-0000-000000000005', '1965-08-12', NULL, 'Businessman, owns olive oil factory', '2025-12-29 08:36:27.819629+00', NULL);
INSERT INTO public.people VALUES ('f2000000-0000-0000-0000-000000000002', 'a2000000-0000-0000-0000-000000000002', 'Sonia', 'Trabelsi', 'e1000000-0000-0000-0000-000000000002', 'c1000000-0000-0000-0000-000000000002', 'd1000000-0000-0000-0000-000000000001', '1970-02-28', NULL, 'Doctor at Sfax hospital', '2025-12-29 08:36:27.819629+00', NULL);
INSERT INTO public.people VALUES ('f2000000-0000-0000-0000-000000000004', 'a2000000-0000-0000-0000-000000000002', 'Slim', 'Trabelsi', 'e1000000-0000-0000-0000-000000000002', 'c1000000-0000-0000-0000-000000000002', 'd1000000-0000-0000-0000-000000000002', '1998-06-15', NULL, 'Son, IT engineer', '2025-12-29 08:36:27.819629+00', NULL);
INSERT INTO public.people VALUES ('f2000000-0000-0000-0000-000000000008', 'a2000000-0000-0000-0000-000000000002', 'Fattouma', 'Gharbi', 'e1000000-0000-0000-0000-000000000005', 'c1000000-0000-0000-0000-000000000005', NULL, '1920-05-12', '1990-11-30', 'Great-grandmother - born Gharbi in Bizerte, married Mahmoud 1938', '2025-12-29 13:05:43.05732+00', NULL);
INSERT INTO public.people VALUES ('f2000000-0000-0000-0000-000000000009', 'a2000000-0000-0000-0000-000000000002', 'Bechir', 'Souissi', 'e1000000-0000-0000-0000-000000000007', 'c1000000-0000-0000-0000-000000000003', NULL, '1920-03-20', '1995-09-15', 'Maternal great-grandfather - Souissi family, textile merchant in Sousse', '2025-12-29 13:06:15.997847+00', NULL);
INSERT INTO public.people VALUES ('f2000000-0000-0000-0000-000000000010', 'a2000000-0000-0000-0000-000000000002', 'Moufida', 'Kairouani', 'e1000000-0000-0000-0000-000000000008', 'c1000000-0000-0000-0000-000000000004', NULL, '1925-08-10', '2005-02-28', 'Maternal great-grandmother - born Kairouani in Kairouan (holy city), moved to Sousse after marriage', '2025-12-29 13:06:15.997847+00', NULL);
INSERT INTO public.people VALUES ('f1000000-0000-0000-0000-000000000001', 'a1000000-0000-0000-0000-000000000001', 'Mohamed', 'Ben Ali', 'e1000000-0000-0000-0000-000000000001', 'c1000000-0000-0000-0000-000000000001', 'd1000000-0000-0000-0000-000000000001', '1950-03-15', NULL, 'Family patriarch, retired doctor', '2025-12-29 08:36:27.818289+00', 'Tunis');
INSERT INTO public.people VALUES ('f1000000-0000-0000-0000-000000000002', 'a1000000-0000-0000-0000-000000000001', 'Fatma', 'Ben Ali', 'e1000000-0000-0000-0000-000000000001', 'c1000000-0000-0000-0000-000000000001', 'd1000000-0000-0000-0000-000000000004', '1955-07-22', NULL, 'Family matriarch, teacher', '2025-12-29 08:36:27.818289+00', 'Tunis');
INSERT INTO public.people VALUES ('f1000000-0000-0000-0000-000000000003', 'a1000000-0000-0000-0000-000000000001', 'Ahmed', 'Ben Ali', 'e1000000-0000-0000-0000-000000000001', 'c1000000-0000-0000-0000-000000000001', 'd1000000-0000-0000-0000-000000000002', '1978-11-10', NULL, 'Son, engineer at Steg', '2025-12-29 08:36:27.818289+00', 'Sfax');
INSERT INTO public.people VALUES ('f2000000-0000-0000-0000-000000000005', 'a2000000-0000-0000-0000-000000000002', 'Hassan', 'Trabelsi', 'e1000000-0000-0000-0000-000000000002', 'c1000000-0000-0000-0000-000000000002', NULL, '1940-03-10', '2015-08-22', 'Grandfather - born in Sfax', '2025-12-29 13:01:58.95169+00', 'Sfax');
INSERT INTO public.people VALUES ('f2000000-0000-0000-0000-000000000006', 'a2000000-0000-0000-0000-000000000002', 'Khadija', 'Souissi', 'e1000000-0000-0000-0000-000000000007', 'c1000000-0000-0000-0000-000000000003', NULL, '1945-07-15', '2020-01-10', 'Grandmother - born Souissi family in Sousse, married Hassan Trabelsi 1963', '2025-12-29 13:05:23.961468+00', 'Sfax');
INSERT INTO public.people VALUES ('f1000000-0000-0000-0000-000000000006', 'a1000000-0000-0000-0000-000000000001', 'Salah', 'Ben Ali', 'e1000000-0000-0000-0000-000000000001', 'c1000000-0000-0000-0000-000000000004', NULL, '1920-01-01', '1995-06-20', 'Grandfather, passed away', '2025-12-29 08:36:27.818289+00', 'Sousse');
INSERT INTO public.people VALUES ('f2000000-0000-0000-0000-000000000007', 'a2000000-0000-0000-0000-000000000002', 'Mahmoud', 'Trabelsi', 'e1000000-0000-0000-0000-000000000002', 'c1000000-0000-0000-0000-000000000002', NULL, '1915-01-01', '1980-06-20', 'Great-grandfather - Trabelsi origin from Tripoli (Libya), settled in Sfax 1930s', '2025-12-29 13:05:43.05732+00', 'Sousse');
INSERT INTO public.people VALUES ('f1000000-0000-0000-0000-000000000004', 'a1000000-0000-0000-0000-000000000001', 'Leila', 'Ben Ali', 'e1000000-0000-0000-0000-000000000001', 'c1000000-0000-0000-0000-000000000002', 'd1000000-0000-0000-0000-000000000003', '1982-04-05', NULL, 'Daughter, lawyer in Sfax', '2025-12-29 08:36:27.818289+00', 'Monastir');
INSERT INTO public.people VALUES ('22118758-2bec-45ef-a169-2f9f12ea4bee', 'b6dac2ef-b08b-42f2-8b6e-ee2a11213b8f', 'Youssef', 'Gharbi', NULL, NULL, NULL, NULL, NULL, 'Registered user', '2026-01-02 09:32:04.755624+00', 'Tunis');
INSERT INTO public.people VALUES ('79eba530-af6c-4eb9-b8ae-ba0d0f0ec886', 'b6dac2ef-b08b-42f2-8b6e-ee2a11213b8f', 'Sara', 'Gharbi', NULL, NULL, NULL, NULL, NULL, 'Registered user', '2026-01-02 09:32:22.429238+00', 'Sfax');
INSERT INTO public.people VALUES ('b1000001-aaaa-4000-8000-000000000001', 'f0000001-0000-0000-0000-000000000001', 'Tarek', 'Bouazizi', NULL, NULL, NULL, '1955-03-12', NULL, 'Family patriarch, olive farmer', '2026-01-02 09:39:56.72983+00', 'Sidi Bouzid');
INSERT INTO public.people VALUES ('b1000001-aaaa-4000-8000-000000000002', 'f0000001-0000-0000-0000-000000000001', 'Samira', 'Bouazizi', NULL, NULL, NULL, '1960-07-22', NULL, 'Married to Tarek, originally from Hammami family', '2026-01-02 09:39:56.72983+00', 'Sidi Bouzid');
INSERT INTO public.people VALUES ('b1000001-aaaa-4000-8000-000000000003', 'f0000001-0000-0000-0000-000000000001', 'Ridha', 'Bouazizi', NULL, NULL, NULL, '1982-01-15', NULL, 'Son of Tarek, works in IT', '2026-01-02 09:39:56.72983+00', 'Tunis');
INSERT INTO public.people VALUES ('b1000001-aaaa-4000-8000-000000000004', 'f0000001-0000-0000-0000-000000000001', 'Sonia', 'Bouazizi', NULL, NULL, NULL, '1985-09-03', NULL, 'Daughter of Tarek, teacher', '2026-01-02 09:39:56.72983+00', 'Sfax');
INSERT INTO public.people VALUES ('b1000001-aaaa-4000-8000-000000000005', 'f0000001-0000-0000-0000-000000000001', 'Nizar', 'Bouazizi', NULL, NULL, NULL, '1988-11-28', NULL, 'Son of Tarek, farmer like father', '2026-01-02 09:39:56.72983+00', 'Sidi Bouzid');
INSERT INTO public.people VALUES ('b1000001-aaaa-4000-8000-000000000006', 'f0000001-0000-0000-0000-000000000001', 'Mariem', 'Bouazizi', NULL, NULL, NULL, '2010-04-17', NULL, 'Daughter of Ridha, student', '2026-01-02 09:39:56.72983+00', 'Tunis');
INSERT INTO public.people VALUES ('b2000001-bbbb-4000-8000-000000000001', 'f0000002-0000-0000-0000-000000000002', 'Habib', 'Hammami', NULL, NULL, NULL, '1948-05-20', NULL, 'Grandfather, retired merchant', '2026-01-02 09:40:57.873192+00', 'Kairouan');
INSERT INTO public.people VALUES ('b2000001-bbbb-4000-8000-000000000002', 'f0000002-0000-0000-0000-000000000002', 'Zohra', 'Hammami', NULL, NULL, NULL, '1952-11-08', NULL, 'Grandmother, married to Habib', '2026-01-02 09:40:57.873192+00', 'Kairouan');
INSERT INTO public.people VALUES ('b2000001-bbbb-4000-8000-000000000003', 'f0000002-0000-0000-0000-000000000002', 'Mourad', 'Hammami', NULL, NULL, NULL, '1975-02-14', NULL, 'Son of Habib, owns textile shop', '2026-01-02 09:40:57.873192+00', 'Sousse');
INSERT INTO public.people VALUES ('b2000001-bbbb-4000-8000-000000000004', 'f0000002-0000-0000-0000-000000000002', 'Leila', 'Hammami', NULL, NULL, NULL, '1978-08-30', NULL, 'Daughter of Habib, doctor', '2026-01-02 09:40:57.873192+00', 'Tunis');
INSERT INTO public.people VALUES ('b2000001-bbbb-4000-8000-000000000005', 'f0000002-0000-0000-0000-000000000002', 'Karim', 'Hammami', NULL, NULL, NULL, '2000-06-12', NULL, 'Son of Mourad, university student', '2026-01-02 09:40:57.873192+00', 'Sousse');
INSERT INTO public.people VALUES ('b2000001-bbbb-4000-8000-000000000006', 'f0000002-0000-0000-0000-000000000002', 'Yasmine', 'Hammami', NULL, NULL, NULL, '2003-03-25', NULL, 'Daughter of Mourad', '2026-01-02 09:40:57.873192+00', 'Sousse');
INSERT INTO public.people VALUES ('b2000001-bbbb-4000-8000-000000000007', 'f0000002-0000-0000-0000-000000000002', 'Fares', 'Hammami', NULL, NULL, NULL, '2005-12-01', NULL, 'Son of Leila', '2026-01-02 09:40:57.873192+00', 'Tunis');
INSERT INTO public.people VALUES ('b3000001-cccc-4000-8000-000000000001', 'f0000003-0000-0000-0000-000000000003', 'Salem', 'Jebali', NULL, NULL, NULL, '1950-09-15', NULL, 'Retired fisherman, family elder', '2026-01-02 09:41:41.825216+00', 'Bizerte');
INSERT INTO public.people VALUES ('b3000001-cccc-4000-8000-000000000002', 'f0000003-0000-0000-0000-000000000003', 'Najet', 'Jebali', NULL, NULL, NULL, '1955-04-20', NULL, 'Wife of Salem', '2026-01-02 09:41:41.825216+00', 'Bizerte');
INSERT INTO public.people VALUES ('b3000001-cccc-4000-8000-000000000003', 'f0000003-0000-0000-0000-000000000003', 'Walid', 'Jebali', NULL, NULL, NULL, '1978-06-10', NULL, 'Son, owns fishing boat', '2026-01-02 09:41:41.825216+00', 'Bizerte');
INSERT INTO public.people VALUES ('b3000001-cccc-4000-8000-000000000004', 'f0000003-0000-0000-0000-000000000003', 'Amel', 'Jebali', NULL, NULL, NULL, '1980-12-05', NULL, 'Daughter, married to Nasri family', '2026-01-02 09:41:41.825216+00', 'Tunis');
INSERT INTO public.people VALUES ('b3000001-cccc-4000-8000-000000000005', 'f0000003-0000-0000-0000-000000000003', 'Hatem', 'Jebali', NULL, NULL, NULL, '1983-03-18', NULL, 'Son, works at port', '2026-01-02 09:41:41.825216+00', 'Bizerte');
INSERT INTO public.people VALUES ('b3000001-cccc-4000-8000-000000000006', 'f0000003-0000-0000-0000-000000000003', 'Ines', 'Jebali', NULL, NULL, NULL, '2005-07-22', NULL, 'Daughter of Walid', '2026-01-02 09:41:41.825216+00', 'Bizerte');
INSERT INTO public.people VALUES ('b3000001-cccc-4000-8000-000000000007', 'f0000003-0000-0000-0000-000000000003', 'Yassine', 'Jebali', NULL, NULL, NULL, '2008-01-30', NULL, 'Son of Walid', '2026-01-02 09:41:41.825216+00', 'Bizerte');
INSERT INTO public.people VALUES ('b4000001-dddd-4000-8000-000000000001', 'f0000004-0000-0000-0000-000000000004', 'Brahim', 'Khelifi', NULL, NULL, NULL, '1945-02-28', NULL, 'Founder of textile factory', '2026-01-02 09:42:21.453146+00', 'Monastir');
INSERT INTO public.people VALUES ('b4000001-dddd-4000-8000-000000000002', 'f0000004-0000-0000-0000-000000000004', 'Fattouma', 'Khelifi', NULL, NULL, NULL, '1950-10-12', NULL, 'Wife of Brahim', '2026-01-02 09:42:21.453146+00', 'Monastir');
INSERT INTO public.people VALUES ('b4000001-dddd-4000-8000-000000000003', 'f0000004-0000-0000-0000-000000000004', 'Hichem', 'Khelifi', NULL, NULL, NULL, '1972-07-05', NULL, 'Son, runs the factory now', '2026-01-02 09:42:21.453146+00', 'Monastir');
INSERT INTO public.people VALUES ('b4000001-dddd-4000-8000-000000000004', 'f0000004-0000-0000-0000-000000000004', 'Sarra', 'Khelifi', NULL, NULL, NULL, '1975-01-18', NULL, 'Daughter, married to Marzougui', '2026-01-02 09:42:21.453146+00', 'Sfax');
INSERT INTO public.people VALUES ('b4000001-dddd-4000-8000-000000000005', 'f0000004-0000-0000-0000-000000000004', 'Raouf', 'Khelifi', NULL, NULL, NULL, '1979-09-22', NULL, 'Son, works in banking', '2026-01-02 09:42:21.453146+00', 'Tunis');
INSERT INTO public.people VALUES ('b4000001-dddd-4000-8000-000000000006', 'f0000004-0000-0000-0000-000000000004', 'Amira', 'Khelifi', NULL, NULL, NULL, '2001-04-10', NULL, 'Daughter of Hichem', '2026-01-02 09:42:21.453146+00', 'Monastir');
INSERT INTO public.people VALUES ('b4000001-dddd-4000-8000-000000000007', 'f0000004-0000-0000-0000-000000000004', 'Bilel', 'Khelifi', NULL, NULL, NULL, '2004-08-15', NULL, 'Son of Hichem', '2026-01-02 09:42:21.453146+00', 'Monastir');
INSERT INTO public.people VALUES ('b4000001-dddd-4000-8000-000000000008', 'f0000004-0000-0000-0000-000000000004', 'Rania', 'Khelifi', NULL, NULL, NULL, '2008-11-30', NULL, 'Daughter of Raouf', '2026-01-02 09:42:21.453146+00', 'Tunis');
INSERT INTO public.people VALUES ('b5000001-eeee-4000-8000-000000000001', 'f0000005-0000-0000-0000-000000000005', 'Slaheddine', 'Marzougui', NULL, NULL, NULL, '1952-06-14', NULL, 'Olive oil producer', '2026-01-02 09:42:57.355467+00', 'Sfax');
INSERT INTO public.people VALUES ('b5000001-eeee-4000-8000-000000000002', 'f0000005-0000-0000-0000-000000000005', 'Jamila', 'Marzougui', NULL, NULL, NULL, '1958-03-22', NULL, 'Wife of Slaheddine', '2026-01-02 09:42:57.355467+00', 'Sfax');
INSERT INTO public.people VALUES ('b5000001-eeee-4000-8000-000000000003', 'f0000005-0000-0000-0000-000000000005', 'Mehdi', 'Marzougui', NULL, NULL, NULL, '1980-11-08', NULL, 'Son, married to Sarra Khelifi', '2026-01-02 09:42:57.355467+00', 'Sfax');
INSERT INTO public.people VALUES ('b5000001-eeee-4000-8000-000000000004', 'f0000005-0000-0000-0000-000000000005', 'Olfa', 'Marzougui', NULL, NULL, NULL, '1983-02-17', NULL, 'Daughter, pharmacist', '2026-01-02 09:42:57.355467+00', 'Gabes');
INSERT INTO public.people VALUES ('b5000001-eeee-4000-8000-000000000005', 'f0000005-0000-0000-0000-000000000005', 'Skander', 'Marzougui', NULL, NULL, NULL, '1986-07-30', NULL, 'Son, manages olive groves', '2026-01-02 09:42:57.355467+00', 'Sfax');
INSERT INTO public.people VALUES ('b5000001-eeee-4000-8000-000000000006', 'f0000005-0000-0000-0000-000000000005', 'Lina', 'Marzougui', NULL, NULL, NULL, '2008-05-12', NULL, 'Daughter of Mehdi and Sarra', '2026-01-02 09:42:57.355467+00', 'Sfax');
INSERT INTO public.people VALUES ('b5000001-eeee-4000-8000-000000000007', 'f0000005-0000-0000-0000-000000000005', 'Adam', 'Marzougui', NULL, NULL, NULL, '2011-09-25', NULL, 'Son of Mehdi and Sarra', '2026-01-02 09:42:57.355467+00', 'Sfax');
INSERT INTO public.people VALUES ('b6000001-ffff-4000-8000-000000000001', 'f0000006-0000-0000-0000-000000000006', 'Moncef', 'Nasri', NULL, NULL, NULL, '1955-08-25', NULL, 'Retired professor at University of Tunis', '2026-01-02 09:44:05.028846+00', 'Tunis');
INSERT INTO public.people VALUES ('b6000001-ffff-4000-8000-000000000002', 'f0000006-0000-0000-0000-000000000006', 'Safia', 'Nasri', NULL, NULL, NULL, '1960-01-15', NULL, 'High school principal, wife of Moncef', '2026-01-02 09:44:05.028846+00', 'Tunis');
INSERT INTO public.people VALUES ('b6000001-ffff-4000-8000-000000000003', 'f0000006-0000-0000-0000-000000000006', 'Amine', 'Nasri', NULL, NULL, NULL, '1983-04-08', NULL, 'Son, married to Amel Jebali', '2026-01-02 09:44:05.028846+00', 'Tunis');
INSERT INTO public.people VALUES ('b6000001-ffff-4000-8000-000000000004', 'f0000006-0000-0000-0000-000000000006', 'Emna', 'Nasri', NULL, NULL, NULL, '1986-10-20', NULL, 'Daughter, university lecturer', '2026-01-02 09:44:05.028846+00', 'La Marsa');
INSERT INTO public.people VALUES ('b6000001-ffff-4000-8000-000000000005', 'f0000006-0000-0000-0000-000000000006', 'Oussama', 'Nasri', NULL, NULL, NULL, '1990-06-12', NULL, 'Son, software engineer', '2026-01-02 09:44:05.028846+00', 'Tunis');
INSERT INTO public.people VALUES ('b6000001-ffff-4000-8000-000000000006', 'f0000006-0000-0000-0000-000000000006', 'Nour', 'Nasri', NULL, NULL, NULL, '2010-02-28', NULL, 'Daughter of Amine and Amel', '2026-01-02 09:44:05.028846+00', 'Tunis');
INSERT INTO public.people VALUES ('b6000001-ffff-4000-8000-000000000007', 'f0000006-0000-0000-0000-000000000006', 'Youssef', 'Nasri', NULL, NULL, NULL, '2013-07-15', NULL, 'Son of Amine and Amel', '2026-01-02 09:44:05.028846+00', 'Tunis');
INSERT INTO public.people VALUES ('b7000001-1111-4000-8000-000000000001', 'f0000007-0000-0000-0000-000000000007', 'Adel', 'Oueslati', NULL, NULL, NULL, '1958-12-03', NULL, 'Hotel owner', '2026-01-02 09:44:33.097144+00', 'Sousse');
INSERT INTO public.people VALUES ('b7000001-1111-4000-8000-000000000002', 'f0000007-0000-0000-0000-000000000007', 'Halima', 'Oueslati', NULL, NULL, NULL, '1963-05-18', NULL, 'Wife of Adel, manages hotel restaurant', '2026-01-02 09:44:33.097144+00', 'Sousse');
INSERT INTO public.people VALUES ('b7000001-1111-4000-8000-000000000003', 'f0000007-0000-0000-0000-000000000007', 'Slim', 'Oueslati', NULL, NULL, NULL, '1985-09-10', NULL, 'Son, hotel manager', '2026-01-02 09:44:33.097144+00', 'Sousse');
INSERT INTO public.people VALUES ('b7000001-1111-4000-8000-000000000004', 'f0000007-0000-0000-0000-000000000007', 'Wafa', 'Oueslati', NULL, NULL, NULL, '1988-03-25', NULL, 'Daughter, runs spa business', '2026-01-02 09:44:33.097144+00', 'Hammamet');
INSERT INTO public.people VALUES ('b7000001-1111-4000-8000-000000000005', 'f0000007-0000-0000-0000-000000000007', 'Zied', 'Oueslati', NULL, NULL, NULL, '1992-11-14', NULL, 'Son, tour guide', '2026-01-02 09:44:33.097144+00', 'Sousse');
INSERT INTO public.people VALUES ('b7000001-1111-4000-8000-000000000006', 'f0000007-0000-0000-0000-000000000007', 'Maya', 'Oueslati', NULL, NULL, NULL, '2012-04-08', NULL, 'Daughter of Slim', '2026-01-02 09:44:33.097144+00', 'Sousse');
INSERT INTO public.people VALUES ('b8000001-2222-4000-8000-000000000001', 'f0000008-0000-0000-0000-000000000008', 'Abdallah', 'Saidi', NULL, NULL, NULL, '1950-04-12', NULL, 'Date palm farmer, family patriarch', '2026-01-02 09:45:05.058268+00', 'Gabes');
INSERT INTO public.people VALUES ('b8000001-2222-4000-8000-000000000002', 'f0000008-0000-0000-0000-000000000008', 'Mbarka', 'Saidi', NULL, NULL, NULL, '1955-09-28', NULL, 'Wife of Abdallah', '2026-01-02 09:45:05.058268+00', 'Gabes');
INSERT INTO public.people VALUES ('b8000001-2222-4000-8000-000000000003', 'f0000008-0000-0000-0000-000000000008', 'Lotfi', 'Saidi', NULL, NULL, NULL, '1977-01-20', NULL, 'Son, manages date export business', '2026-01-02 09:45:05.058268+00', 'Gabes');
INSERT INTO public.people VALUES ('b8000001-2222-4000-8000-000000000004', 'f0000008-0000-0000-0000-000000000008', 'Henda', 'Saidi', NULL, NULL, NULL, '1980-06-05', NULL, 'Daughter, married to Turki family', '2026-01-02 09:45:05.058268+00', 'Tozeur');
INSERT INTO public.people VALUES ('b8000001-2222-4000-8000-000000000005', 'f0000008-0000-0000-0000-000000000008', 'Faisal', 'Saidi', NULL, NULL, NULL, '1984-10-18', NULL, 'Son, agricultural engineer', '2026-01-02 09:45:05.058268+00', 'Gabes');
INSERT INTO public.people VALUES ('b8000001-2222-4000-8000-000000000006', 'f0000008-0000-0000-0000-000000000008', 'Rim', 'Saidi', NULL, NULL, NULL, '2005-03-14', NULL, 'Daughter of Lotfi', '2026-01-02 09:45:05.058268+00', 'Gabes');
INSERT INTO public.people VALUES ('b8000001-2222-4000-8000-000000000007', 'f0000008-0000-0000-0000-000000000008', 'Aziz', 'Saidi', NULL, NULL, NULL, '2008-12-22', NULL, 'Son of Lotfi', '2026-01-02 09:45:05.058268+00', 'Gabes');
INSERT INTO public.people VALUES ('b9000001-3333-4000-8000-000000000001', 'f0000009-0000-0000-0000-000000000009', 'Salah', 'Turki', NULL, NULL, NULL, '1953-07-08', NULL, 'Desert tour operator', '2026-01-02 09:45:42.410921+00', 'Tozeur');
INSERT INTO public.people VALUES ('b9000001-3333-4000-8000-000000000002', 'f0000009-0000-0000-0000-000000000009', 'Naima', 'Turki', NULL, NULL, NULL, '1958-02-14', NULL, 'Wife of Salah, artisan', '2026-01-02 09:45:42.410921+00', 'Tozeur');
INSERT INTO public.people VALUES ('b9000001-3333-4000-8000-000000000003', 'f0000009-0000-0000-0000-000000000009', 'Khaled', 'Turki', NULL, NULL, NULL, '1980-05-22', NULL, 'Son, married to Henda Saidi', '2026-01-02 09:45:42.410921+00', 'Tozeur');
INSERT INTO public.people VALUES ('b9000001-3333-4000-8000-000000000004', 'f0000009-0000-0000-0000-000000000009', 'Sabrine', 'Turki', NULL, NULL, NULL, '1983-11-30', NULL, 'Daughter, works in ministry', '2026-01-02 09:45:42.410921+00', 'Tunis');
INSERT INTO public.people VALUES ('b9000001-3333-4000-8000-000000000005', 'f0000009-0000-0000-0000-000000000009', 'Hamza', 'Turki', NULL, NULL, NULL, '1987-08-15', NULL, 'Son, tour guide', '2026-01-02 09:45:42.410921+00', 'Tozeur');
INSERT INTO public.people VALUES ('b9000001-3333-4000-8000-000000000006', 'f0000009-0000-0000-0000-000000000009', 'Eya', 'Turki', NULL, NULL, NULL, '2007-01-28', NULL, 'Daughter of Khaled and Henda', '2026-01-02 09:45:42.410921+00', 'Tozeur');
INSERT INTO public.people VALUES ('b9000001-3333-4000-8000-000000000007', 'f0000009-0000-0000-0000-000000000009', 'Rayane', 'Turki', NULL, NULL, NULL, '2010-06-10', NULL, 'Son of Khaled and Henda', '2026-01-02 09:45:42.410921+00', 'Tozeur');
INSERT INTO public.people VALUES ('ba000001-4444-4000-8000-000000000001', 'f0000010-0000-0000-0000-000000000010', 'Mustapha', 'Zarrouk', NULL, NULL, NULL, '1949-03-17', NULL, 'Master potter, keeps traditional craft alive', '2026-01-02 09:46:24.45793+00', 'Djerba');
INSERT INTO public.people VALUES ('ba000001-4444-4000-8000-000000000002', 'f0000010-0000-0000-0000-000000000010', 'Aziza', 'Zarrouk', NULL, NULL, NULL, '1954-08-22', NULL, 'Wife of Mustapha, weaver', '2026-01-02 09:46:24.45793+00', 'Djerba');
INSERT INTO public.people VALUES ('ba000001-4444-4000-8000-000000000003', 'f0000010-0000-0000-0000-000000000010', 'Nabil', 'Zarrouk', NULL, NULL, NULL, '1976-12-05', NULL, 'Son, continues pottery tradition', '2026-01-02 09:46:24.45793+00', 'Djerba');
INSERT INTO public.people VALUES ('ba000001-4444-4000-8000-000000000004', 'f0000010-0000-0000-0000-000000000010', 'Sana', 'Zarrouk', NULL, NULL, NULL, '1979-04-18', NULL, 'Daughter, art gallery owner', '2026-01-02 09:46:24.45793+00', 'Tunis');
INSERT INTO public.people VALUES ('ba000001-4444-4000-8000-000000000005', 'f0000010-0000-0000-0000-000000000010', 'Fethi', 'Zarrouk', NULL, NULL, NULL, '1982-09-30', NULL, 'Son, runs craft shop for tourists', '2026-01-02 09:46:24.45793+00', 'Djerba');
INSERT INTO public.people VALUES ('ba000001-4444-4000-8000-000000000006', 'f0000010-0000-0000-0000-000000000010', 'Dorra', 'Zarrouk', NULL, NULL, NULL, '2004-07-12', NULL, 'Daughter of Nabil', '2026-01-02 09:46:24.45793+00', 'Djerba');
INSERT INTO public.people VALUES ('ba000001-4444-4000-8000-000000000007', 'f0000010-0000-0000-0000-000000000010', 'Anas', 'Zarrouk', NULL, NULL, NULL, '2007-11-25', NULL, 'Son of Nabil', '2026-01-02 09:46:24.45793+00', 'Djerba');
INSERT INTO public.people VALUES ('ba000001-4444-4000-8000-000000000008', 'f0000010-0000-0000-0000-000000000010', 'Kenza', 'Zarrouk', NULL, NULL, NULL, '2010-02-08', NULL, 'Daughter of Sana', '2026-01-02 09:46:24.45793+00', 'Tunis');
INSERT INTO public.people VALUES ('bc000001-5555-4000-8000-000000000001', 'f0000001-0000-0000-0000-000000000001', 'Sana', 'Zarrouk-Bouazizi', NULL, NULL, NULL, '1984-04-18', NULL, 'Wife of Ridha Bouazizi, art gallery owner, originally Zarrouk family', '2026-01-02 09:46:58.903154+00', 'Tunis');
INSERT INTO public.people VALUES ('bc000001-5555-4000-8000-000000000002', 'f0000007-0000-0000-0000-000000000007', 'Amina', 'Ben Ali-Oueslati', NULL, NULL, NULL, '1988-08-20', NULL, 'Wife of Slim Oueslati, originally from Ben Ali family', '2026-01-02 09:46:58.903154+00', 'Sousse');
INSERT INTO public.people VALUES ('bc000001-5555-4000-8000-000000000003', 'f0000002-0000-0000-0000-000000000002', 'Donia', 'Jebali-Hammami', NULL, NULL, NULL, '1980-05-15', NULL, 'Wife of Mourad Hammami, originally from Jebali family (Bizerte)', '2026-01-02 09:46:58.903154+00', 'Sousse');
INSERT INTO public.people VALUES ('bc000001-5555-4000-8000-000000000004', 'f0000008-0000-0000-0000-000000000008', 'Hajer', 'Oueslati-Saidi', NULL, NULL, NULL, '1988-12-10', NULL, 'Wife of Faisal Saidi, originally from Oueslati family (Sousse)', '2026-01-02 09:46:58.903154+00', 'Gabes');
INSERT INTO public.people VALUES ('bc000001-5555-4000-8000-000000000005', 'f0000006-0000-0000-0000-000000000006', 'Syrine', 'Hammami-Nasri', NULL, NULL, NULL, '1993-03-25', NULL, 'Wife of Oussama Nasri, originally from Hammami family', '2026-01-02 09:46:58.903154+00', 'Tunis');
INSERT INTO public.people VALUES ('bc000001-5555-4000-8000-000000000006', 'f0000009-0000-0000-0000-000000000009', 'Imen', 'Marzougui-Turki', NULL, NULL, NULL, '1990-07-08', NULL, 'Wife of Hamza Turki, originally from Marzougui family (Sfax)', '2026-01-02 09:46:58.903154+00', 'Tozeur');
INSERT INTO public.people VALUES ('f2000000-0000-0000-0000-000000000003', 'a2000000-0000-0000-0000-000000000002', 'Nadia', 'Trabelsi', 'e1000000-0000-0000-0000-000000000002', 'c1000000-0000-0000-0000-000000000003', NULL, '1995-12-01', NULL, 'Daughter, works in Sousse', '2025-12-29 08:36:27.819629+00', 'Gabes');
INSERT INTO public.family_tree_edges VALUES ('aa000000-0000-0000-0000-000000000001', 'a1000000-0000-0000-0000-000000000001', 'f1000000-0000-0000-0000-000000000006', 'f1000000-0000-0000-0000-000000000001', 'PARENT_OF', '2025-12-29 08:36:27.820175+00');
INSERT INTO public.family_tree_edges VALUES ('aa000000-0000-0000-0000-000000000002', 'a1000000-0000-0000-0000-000000000001', 'f1000000-0000-0000-0000-000000000001', 'f1000000-0000-0000-0000-000000000002', 'SPOUSE_OF', '2025-12-29 08:36:27.820175+00');
INSERT INTO public.family_tree_edges VALUES ('aa000000-0000-0000-0000-000000000003', 'a1000000-0000-0000-0000-000000000001', 'f1000000-0000-0000-0000-000000000001', 'f1000000-0000-0000-0000-000000000003', 'PARENT_OF', '2025-12-29 08:36:27.820175+00');
INSERT INTO public.family_tree_edges VALUES ('aa000000-0000-0000-0000-000000000004', 'a1000000-0000-0000-0000-000000000001', 'f1000000-0000-0000-0000-000000000002', 'f1000000-0000-0000-0000-000000000003', 'PARENT_OF', '2025-12-29 08:36:27.820175+00');
INSERT INTO public.family_tree_edges VALUES ('aa000000-0000-0000-0000-000000000005', 'a1000000-0000-0000-0000-000000000001', 'f1000000-0000-0000-0000-000000000001', 'f1000000-0000-0000-0000-000000000004', 'PARENT_OF', '2025-12-29 08:36:27.820175+00');
INSERT INTO public.family_tree_edges VALUES ('aa000000-0000-0000-0000-000000000006', 'a1000000-0000-0000-0000-000000000001', 'f1000000-0000-0000-0000-000000000002', 'f1000000-0000-0000-0000-000000000004', 'PARENT_OF', '2025-12-29 08:36:27.820175+00');
INSERT INTO public.family_tree_edges VALUES ('aa000000-0000-0000-0000-000000000007', 'a1000000-0000-0000-0000-000000000001', 'f1000000-0000-0000-0000-000000000003', 'f1000000-0000-0000-0000-000000000005', 'PARENT_OF', '2025-12-29 08:36:27.820175+00');
INSERT INTO public.family_tree_edges VALUES ('aa000000-0000-0000-0000-000000000008', 'a2000000-0000-0000-0000-000000000002', 'f2000000-0000-0000-0000-000000000001', 'f2000000-0000-0000-0000-000000000002', 'SPOUSE_OF', '2025-12-29 08:36:27.821496+00');
INSERT INTO public.family_tree_edges VALUES ('aa000000-0000-0000-0000-000000000009', 'a2000000-0000-0000-0000-000000000002', 'f2000000-0000-0000-0000-000000000001', 'f2000000-0000-0000-0000-000000000003', 'PARENT_OF', '2025-12-29 08:36:27.821496+00');
INSERT INTO public.family_tree_edges VALUES ('aa000000-0000-0000-0000-00000000000a', 'a2000000-0000-0000-0000-000000000002', 'f2000000-0000-0000-0000-000000000002', 'f2000000-0000-0000-0000-000000000003', 'PARENT_OF', '2025-12-29 08:36:27.821496+00');
INSERT INTO public.family_tree_edges VALUES ('aa000000-0000-0000-0000-00000000000b', 'a2000000-0000-0000-0000-000000000002', 'f2000000-0000-0000-0000-000000000001', 'f2000000-0000-0000-0000-000000000004', 'PARENT_OF', '2025-12-29 08:36:27.821496+00');
INSERT INTO public.family_tree_edges VALUES ('aa000000-0000-0000-0000-00000000000c', 'a2000000-0000-0000-0000-000000000002', 'f2000000-0000-0000-0000-000000000002', 'f2000000-0000-0000-0000-000000000004', 'PARENT_OF', '2025-12-29 08:36:27.821496+00');
INSERT INTO public.family_tree_edges VALUES ('e2000000-0000-0000-0000-000000000001', 'a2000000-0000-0000-0000-000000000002', 'f2000000-0000-0000-0000-000000000005', 'f2000000-0000-0000-0000-000000000006', 'SPOUSE_OF', '2025-12-29 13:06:37.771789+00');
INSERT INTO public.family_tree_edges VALUES ('e2000000-0000-0000-0000-000000000002', 'a2000000-0000-0000-0000-000000000002', 'f2000000-0000-0000-0000-000000000005', 'f2000000-0000-0000-0000-000000000001', 'PARENT_OF', '2025-12-29 13:06:37.771789+00');
INSERT INTO public.family_tree_edges VALUES ('e2000000-0000-0000-0000-000000000003', 'a2000000-0000-0000-0000-000000000002', 'f2000000-0000-0000-0000-000000000006', 'f2000000-0000-0000-0000-000000000001', 'PARENT_OF', '2025-12-29 13:06:37.771789+00');
INSERT INTO public.family_tree_edges VALUES ('e2000000-0000-0000-0000-000000000004', 'a2000000-0000-0000-0000-000000000002', 'f2000000-0000-0000-0000-000000000007', 'f2000000-0000-0000-0000-000000000008', 'SPOUSE_OF', '2025-12-29 13:06:58.406643+00');
INSERT INTO public.family_tree_edges VALUES ('e2000000-0000-0000-0000-000000000005', 'a2000000-0000-0000-0000-000000000002', 'f2000000-0000-0000-0000-000000000007', 'f2000000-0000-0000-0000-000000000005', 'PARENT_OF', '2025-12-29 13:06:58.406643+00');
INSERT INTO public.family_tree_edges VALUES ('e2000000-0000-0000-0000-000000000006', 'a2000000-0000-0000-0000-000000000002', 'f2000000-0000-0000-0000-000000000008', 'f2000000-0000-0000-0000-000000000005', 'PARENT_OF', '2025-12-29 13:06:58.406643+00');
INSERT INTO public.family_tree_edges VALUES ('e2000000-0000-0000-0000-000000000007', 'a2000000-0000-0000-0000-000000000002', 'f2000000-0000-0000-0000-000000000009', 'f2000000-0000-0000-0000-000000000010', 'SPOUSE_OF', '2025-12-29 13:07:19.446682+00');
INSERT INTO public.family_tree_edges VALUES ('e2000000-0000-0000-0000-000000000008', 'a2000000-0000-0000-0000-000000000002', 'f2000000-0000-0000-0000-000000000009', 'f2000000-0000-0000-0000-000000000006', 'PARENT_OF', '2025-12-29 13:07:19.446682+00');
INSERT INTO public.family_tree_edges VALUES ('e2000000-0000-0000-0000-000000000009', 'a2000000-0000-0000-0000-000000000002', 'f2000000-0000-0000-0000-000000000010', 'f2000000-0000-0000-0000-000000000006', 'PARENT_OF', '2025-12-29 13:07:19.446682+00');
INSERT INTO public.family_tree_edges VALUES ('e1000001-aaaa-4000-8000-000000000001', 'f0000001-0000-0000-0000-000000000001', 'b1000001-aaaa-4000-8000-000000000001', 'b1000001-aaaa-4000-8000-000000000002', 'SPOUSE_OF', '2026-01-02 09:40:21.893576+00');
INSERT INTO public.family_tree_edges VALUES ('e1000001-aaaa-4000-8000-000000000002', 'f0000001-0000-0000-0000-000000000001', 'b1000001-aaaa-4000-8000-000000000001', 'b1000001-aaaa-4000-8000-000000000003', 'PARENT_OF', '2026-01-02 09:40:21.893576+00');
INSERT INTO public.family_tree_edges VALUES ('e1000001-aaaa-4000-8000-000000000003', 'f0000001-0000-0000-0000-000000000001', 'b1000001-aaaa-4000-8000-000000000001', 'b1000001-aaaa-4000-8000-000000000004', 'PARENT_OF', '2026-01-02 09:40:21.893576+00');
INSERT INTO public.family_tree_edges VALUES ('e1000001-aaaa-4000-8000-000000000004', 'f0000001-0000-0000-0000-000000000001', 'b1000001-aaaa-4000-8000-000000000001', 'b1000001-aaaa-4000-8000-000000000005', 'PARENT_OF', '2026-01-02 09:40:21.893576+00');
INSERT INTO public.family_tree_edges VALUES ('e1000001-aaaa-4000-8000-000000000005', 'f0000001-0000-0000-0000-000000000001', 'b1000001-aaaa-4000-8000-000000000002', 'b1000001-aaaa-4000-8000-000000000003', 'PARENT_OF', '2026-01-02 09:40:21.893576+00');
INSERT INTO public.family_tree_edges VALUES ('e1000001-aaaa-4000-8000-000000000006', 'f0000001-0000-0000-0000-000000000001', 'b1000001-aaaa-4000-8000-000000000002', 'b1000001-aaaa-4000-8000-000000000004', 'PARENT_OF', '2026-01-02 09:40:21.893576+00');
INSERT INTO public.family_tree_edges VALUES ('e1000001-aaaa-4000-8000-000000000007', 'f0000001-0000-0000-0000-000000000001', 'b1000001-aaaa-4000-8000-000000000002', 'b1000001-aaaa-4000-8000-000000000005', 'PARENT_OF', '2026-01-02 09:40:21.893576+00');
INSERT INTO public.family_tree_edges VALUES ('e1000001-aaaa-4000-8000-000000000008', 'f0000001-0000-0000-0000-000000000001', 'b1000001-aaaa-4000-8000-000000000003', 'b1000001-aaaa-4000-8000-000000000006', 'PARENT_OF', '2026-01-02 09:40:21.893576+00');
INSERT INTO public.family_tree_edges VALUES ('e2000001-bbbb-4000-8000-000000000001', 'f0000002-0000-0000-0000-000000000002', 'b2000001-bbbb-4000-8000-000000000001', 'b2000001-bbbb-4000-8000-000000000002', 'SPOUSE_OF', '2026-01-02 09:40:57.873192+00');
INSERT INTO public.family_tree_edges VALUES ('e2000001-bbbb-4000-8000-000000000002', 'f0000002-0000-0000-0000-000000000002', 'b2000001-bbbb-4000-8000-000000000001', 'b2000001-bbbb-4000-8000-000000000003', 'PARENT_OF', '2026-01-02 09:40:57.873192+00');
INSERT INTO public.family_tree_edges VALUES ('e2000001-bbbb-4000-8000-000000000003', 'f0000002-0000-0000-0000-000000000002', 'b2000001-bbbb-4000-8000-000000000001', 'b2000001-bbbb-4000-8000-000000000004', 'PARENT_OF', '2026-01-02 09:40:57.873192+00');
INSERT INTO public.family_tree_edges VALUES ('e2000001-bbbb-4000-8000-000000000004', 'f0000002-0000-0000-0000-000000000002', 'b2000001-bbbb-4000-8000-000000000002', 'b2000001-bbbb-4000-8000-000000000003', 'PARENT_OF', '2026-01-02 09:40:57.873192+00');
INSERT INTO public.family_tree_edges VALUES ('e2000001-bbbb-4000-8000-000000000005', 'f0000002-0000-0000-0000-000000000002', 'b2000001-bbbb-4000-8000-000000000002', 'b2000001-bbbb-4000-8000-000000000004', 'PARENT_OF', '2026-01-02 09:40:57.873192+00');
INSERT INTO public.family_tree_edges VALUES ('e2000001-bbbb-4000-8000-000000000006', 'f0000002-0000-0000-0000-000000000002', 'b2000001-bbbb-4000-8000-000000000003', 'b2000001-bbbb-4000-8000-000000000005', 'PARENT_OF', '2026-01-02 09:40:57.873192+00');
INSERT INTO public.family_tree_edges VALUES ('e2000001-bbbb-4000-8000-000000000007', 'f0000002-0000-0000-0000-000000000002', 'b2000001-bbbb-4000-8000-000000000003', 'b2000001-bbbb-4000-8000-000000000006', 'PARENT_OF', '2026-01-02 09:40:57.873192+00');
INSERT INTO public.family_tree_edges VALUES ('e2000001-bbbb-4000-8000-000000000008', 'f0000002-0000-0000-0000-000000000002', 'b2000001-bbbb-4000-8000-000000000004', 'b2000001-bbbb-4000-8000-000000000007', 'PARENT_OF', '2026-01-02 09:40:57.873192+00');
INSERT INTO public.family_tree_edges VALUES ('e3000001-cccc-4000-8000-000000000001', 'f0000003-0000-0000-0000-000000000003', 'b3000001-cccc-4000-8000-000000000001', 'b3000001-cccc-4000-8000-000000000002', 'SPOUSE_OF', '2026-01-02 09:41:41.825216+00');
INSERT INTO public.family_tree_edges VALUES ('e3000001-cccc-4000-8000-000000000002', 'f0000003-0000-0000-0000-000000000003', 'b3000001-cccc-4000-8000-000000000001', 'b3000001-cccc-4000-8000-000000000003', 'PARENT_OF', '2026-01-02 09:41:41.825216+00');
INSERT INTO public.family_tree_edges VALUES ('e3000001-cccc-4000-8000-000000000003', 'f0000003-0000-0000-0000-000000000003', 'b3000001-cccc-4000-8000-000000000001', 'b3000001-cccc-4000-8000-000000000004', 'PARENT_OF', '2026-01-02 09:41:41.825216+00');
INSERT INTO public.family_tree_edges VALUES ('e3000001-cccc-4000-8000-000000000004', 'f0000003-0000-0000-0000-000000000003', 'b3000001-cccc-4000-8000-000000000001', 'b3000001-cccc-4000-8000-000000000005', 'PARENT_OF', '2026-01-02 09:41:41.825216+00');
INSERT INTO public.family_tree_edges VALUES ('e3000001-cccc-4000-8000-000000000005', 'f0000003-0000-0000-0000-000000000003', 'b3000001-cccc-4000-8000-000000000002', 'b3000001-cccc-4000-8000-000000000003', 'PARENT_OF', '2026-01-02 09:41:41.825216+00');
INSERT INTO public.family_tree_edges VALUES ('e3000001-cccc-4000-8000-000000000006', 'f0000003-0000-0000-0000-000000000003', 'b3000001-cccc-4000-8000-000000000002', 'b3000001-cccc-4000-8000-000000000004', 'PARENT_OF', '2026-01-02 09:41:41.825216+00');
INSERT INTO public.family_tree_edges VALUES ('e3000001-cccc-4000-8000-000000000007', 'f0000003-0000-0000-0000-000000000003', 'b3000001-cccc-4000-8000-000000000002', 'b3000001-cccc-4000-8000-000000000005', 'PARENT_OF', '2026-01-02 09:41:41.825216+00');
INSERT INTO public.family_tree_edges VALUES ('e3000001-cccc-4000-8000-000000000008', 'f0000003-0000-0000-0000-000000000003', 'b3000001-cccc-4000-8000-000000000003', 'b3000001-cccc-4000-8000-000000000006', 'PARENT_OF', '2026-01-02 09:41:41.825216+00');
INSERT INTO public.family_tree_edges VALUES ('e3000001-cccc-4000-8000-000000000009', 'f0000003-0000-0000-0000-000000000003', 'b3000001-cccc-4000-8000-000000000003', 'b3000001-cccc-4000-8000-000000000007', 'PARENT_OF', '2026-01-02 09:41:41.825216+00');
INSERT INTO public.family_tree_edges VALUES ('e4000001-dddd-4000-8000-000000000001', 'f0000004-0000-0000-0000-000000000004', 'b4000001-dddd-4000-8000-000000000001', 'b4000001-dddd-4000-8000-000000000002', 'SPOUSE_OF', '2026-01-02 09:42:21.453146+00');
INSERT INTO public.family_tree_edges VALUES ('e4000001-dddd-4000-8000-000000000002', 'f0000004-0000-0000-0000-000000000004', 'b4000001-dddd-4000-8000-000000000001', 'b4000001-dddd-4000-8000-000000000003', 'PARENT_OF', '2026-01-02 09:42:21.453146+00');
INSERT INTO public.family_tree_edges VALUES ('e4000001-dddd-4000-8000-000000000003', 'f0000004-0000-0000-0000-000000000004', 'b4000001-dddd-4000-8000-000000000001', 'b4000001-dddd-4000-8000-000000000004', 'PARENT_OF', '2026-01-02 09:42:21.453146+00');
INSERT INTO public.family_tree_edges VALUES ('e4000001-dddd-4000-8000-000000000004', 'f0000004-0000-0000-0000-000000000004', 'b4000001-dddd-4000-8000-000000000001', 'b4000001-dddd-4000-8000-000000000005', 'PARENT_OF', '2026-01-02 09:42:21.453146+00');
INSERT INTO public.family_tree_edges VALUES ('e4000001-dddd-4000-8000-000000000005', 'f0000004-0000-0000-0000-000000000004', 'b4000001-dddd-4000-8000-000000000002', 'b4000001-dddd-4000-8000-000000000003', 'PARENT_OF', '2026-01-02 09:42:21.453146+00');
INSERT INTO public.family_tree_edges VALUES ('e4000001-dddd-4000-8000-000000000006', 'f0000004-0000-0000-0000-000000000004', 'b4000001-dddd-4000-8000-000000000002', 'b4000001-dddd-4000-8000-000000000004', 'PARENT_OF', '2026-01-02 09:42:21.453146+00');
INSERT INTO public.family_tree_edges VALUES ('e4000001-dddd-4000-8000-000000000007', 'f0000004-0000-0000-0000-000000000004', 'b4000001-dddd-4000-8000-000000000002', 'b4000001-dddd-4000-8000-000000000005', 'PARENT_OF', '2026-01-02 09:42:21.453146+00');
INSERT INTO public.family_tree_edges VALUES ('e4000001-dddd-4000-8000-000000000008', 'f0000004-0000-0000-0000-000000000004', 'b4000001-dddd-4000-8000-000000000003', 'b4000001-dddd-4000-8000-000000000006', 'PARENT_OF', '2026-01-02 09:42:21.453146+00');
INSERT INTO public.family_tree_edges VALUES ('e4000001-dddd-4000-8000-000000000009', 'f0000004-0000-0000-0000-000000000004', 'b4000001-dddd-4000-8000-000000000003', 'b4000001-dddd-4000-8000-000000000007', 'PARENT_OF', '2026-01-02 09:42:21.453146+00');
INSERT INTO public.family_tree_edges VALUES ('e4000001-dddd-4000-8000-000000000010', 'f0000004-0000-0000-0000-000000000004', 'b4000001-dddd-4000-8000-000000000005', 'b4000001-dddd-4000-8000-000000000008', 'PARENT_OF', '2026-01-02 09:42:21.453146+00');
INSERT INTO public.family_tree_edges VALUES ('e5000001-eeee-4000-8000-000000000001', 'f0000005-0000-0000-0000-000000000005', 'b5000001-eeee-4000-8000-000000000001', 'b5000001-eeee-4000-8000-000000000002', 'SPOUSE_OF', '2026-01-02 09:42:57.355467+00');
INSERT INTO public.family_tree_edges VALUES ('e5000001-eeee-4000-8000-000000000002', 'f0000005-0000-0000-0000-000000000005', 'b5000001-eeee-4000-8000-000000000001', 'b5000001-eeee-4000-8000-000000000003', 'PARENT_OF', '2026-01-02 09:42:57.355467+00');
INSERT INTO public.family_tree_edges VALUES ('e5000001-eeee-4000-8000-000000000003', 'f0000005-0000-0000-0000-000000000005', 'b5000001-eeee-4000-8000-000000000001', 'b5000001-eeee-4000-8000-000000000004', 'PARENT_OF', '2026-01-02 09:42:57.355467+00');
INSERT INTO public.family_tree_edges VALUES ('e5000001-eeee-4000-8000-000000000004', 'f0000005-0000-0000-0000-000000000005', 'b5000001-eeee-4000-8000-000000000001', 'b5000001-eeee-4000-8000-000000000005', 'PARENT_OF', '2026-01-02 09:42:57.355467+00');
INSERT INTO public.family_tree_edges VALUES ('e5000001-eeee-4000-8000-000000000005', 'f0000005-0000-0000-0000-000000000005', 'b5000001-eeee-4000-8000-000000000002', 'b5000001-eeee-4000-8000-000000000003', 'PARENT_OF', '2026-01-02 09:42:57.355467+00');
INSERT INTO public.family_tree_edges VALUES ('e5000001-eeee-4000-8000-000000000006', 'f0000005-0000-0000-0000-000000000005', 'b5000001-eeee-4000-8000-000000000002', 'b5000001-eeee-4000-8000-000000000004', 'PARENT_OF', '2026-01-02 09:42:57.355467+00');
INSERT INTO public.family_tree_edges VALUES ('e5000001-eeee-4000-8000-000000000007', 'f0000005-0000-0000-0000-000000000005', 'b5000001-eeee-4000-8000-000000000002', 'b5000001-eeee-4000-8000-000000000005', 'PARENT_OF', '2026-01-02 09:42:57.355467+00');
INSERT INTO public.family_tree_edges VALUES ('e5000001-eeee-4000-8000-000000000008', 'f0000005-0000-0000-0000-000000000005', 'b5000001-eeee-4000-8000-000000000003', 'b5000001-eeee-4000-8000-000000000006', 'PARENT_OF', '2026-01-02 09:42:57.355467+00');
INSERT INTO public.family_tree_edges VALUES ('e5000001-eeee-4000-8000-000000000009', 'f0000005-0000-0000-0000-000000000005', 'b5000001-eeee-4000-8000-000000000003', 'b5000001-eeee-4000-8000-000000000007', 'PARENT_OF', '2026-01-02 09:42:57.355467+00');
INSERT INTO public.family_tree_edges VALUES ('e6000001-ffff-4000-8000-000000000001', 'f0000006-0000-0000-0000-000000000006', 'b6000001-ffff-4000-8000-000000000001', 'b6000001-ffff-4000-8000-000000000002', 'SPOUSE_OF', '2026-01-02 09:44:05.028846+00');
INSERT INTO public.family_tree_edges VALUES ('e6000001-ffff-4000-8000-000000000002', 'f0000006-0000-0000-0000-000000000006', 'b6000001-ffff-4000-8000-000000000001', 'b6000001-ffff-4000-8000-000000000003', 'PARENT_OF', '2026-01-02 09:44:05.028846+00');
INSERT INTO public.family_tree_edges VALUES ('e6000001-ffff-4000-8000-000000000003', 'f0000006-0000-0000-0000-000000000006', 'b6000001-ffff-4000-8000-000000000001', 'b6000001-ffff-4000-8000-000000000004', 'PARENT_OF', '2026-01-02 09:44:05.028846+00');
INSERT INTO public.family_tree_edges VALUES ('e6000001-ffff-4000-8000-000000000004', 'f0000006-0000-0000-0000-000000000006', 'b6000001-ffff-4000-8000-000000000001', 'b6000001-ffff-4000-8000-000000000005', 'PARENT_OF', '2026-01-02 09:44:05.028846+00');
INSERT INTO public.family_tree_edges VALUES ('e6000001-ffff-4000-8000-000000000005', 'f0000006-0000-0000-0000-000000000006', 'b6000001-ffff-4000-8000-000000000002', 'b6000001-ffff-4000-8000-000000000003', 'PARENT_OF', '2026-01-02 09:44:05.028846+00');
INSERT INTO public.family_tree_edges VALUES ('e6000001-ffff-4000-8000-000000000006', 'f0000006-0000-0000-0000-000000000006', 'b6000001-ffff-4000-8000-000000000002', 'b6000001-ffff-4000-8000-000000000004', 'PARENT_OF', '2026-01-02 09:44:05.028846+00');
INSERT INTO public.family_tree_edges VALUES ('e6000001-ffff-4000-8000-000000000007', 'f0000006-0000-0000-0000-000000000006', 'b6000001-ffff-4000-8000-000000000002', 'b6000001-ffff-4000-8000-000000000005', 'PARENT_OF', '2026-01-02 09:44:05.028846+00');
INSERT INTO public.family_tree_edges VALUES ('e6000001-ffff-4000-8000-000000000008', 'f0000006-0000-0000-0000-000000000006', 'b6000001-ffff-4000-8000-000000000003', 'b6000001-ffff-4000-8000-000000000006', 'PARENT_OF', '2026-01-02 09:44:05.028846+00');
INSERT INTO public.family_tree_edges VALUES ('e6000001-ffff-4000-8000-000000000009', 'f0000006-0000-0000-0000-000000000006', 'b6000001-ffff-4000-8000-000000000003', 'b6000001-ffff-4000-8000-000000000007', 'PARENT_OF', '2026-01-02 09:44:05.028846+00');
INSERT INTO public.family_tree_edges VALUES ('e7000001-1111-4000-8000-000000000001', 'f0000007-0000-0000-0000-000000000007', 'b7000001-1111-4000-8000-000000000001', 'b7000001-1111-4000-8000-000000000002', 'SPOUSE_OF', '2026-01-02 09:44:33.097144+00');
INSERT INTO public.family_tree_edges VALUES ('e7000001-1111-4000-8000-000000000002', 'f0000007-0000-0000-0000-000000000007', 'b7000001-1111-4000-8000-000000000001', 'b7000001-1111-4000-8000-000000000003', 'PARENT_OF', '2026-01-02 09:44:33.097144+00');
INSERT INTO public.family_tree_edges VALUES ('e7000001-1111-4000-8000-000000000003', 'f0000007-0000-0000-0000-000000000007', 'b7000001-1111-4000-8000-000000000001', 'b7000001-1111-4000-8000-000000000004', 'PARENT_OF', '2026-01-02 09:44:33.097144+00');
INSERT INTO public.family_tree_edges VALUES ('e7000001-1111-4000-8000-000000000004', 'f0000007-0000-0000-0000-000000000007', 'b7000001-1111-4000-8000-000000000001', 'b7000001-1111-4000-8000-000000000005', 'PARENT_OF', '2026-01-02 09:44:33.097144+00');
INSERT INTO public.family_tree_edges VALUES ('e7000001-1111-4000-8000-000000000005', 'f0000007-0000-0000-0000-000000000007', 'b7000001-1111-4000-8000-000000000002', 'b7000001-1111-4000-8000-000000000003', 'PARENT_OF', '2026-01-02 09:44:33.097144+00');
INSERT INTO public.family_tree_edges VALUES ('e7000001-1111-4000-8000-000000000006', 'f0000007-0000-0000-0000-000000000007', 'b7000001-1111-4000-8000-000000000002', 'b7000001-1111-4000-8000-000000000004', 'PARENT_OF', '2026-01-02 09:44:33.097144+00');
INSERT INTO public.family_tree_edges VALUES ('e7000001-1111-4000-8000-000000000007', 'f0000007-0000-0000-0000-000000000007', 'b7000001-1111-4000-8000-000000000002', 'b7000001-1111-4000-8000-000000000005', 'PARENT_OF', '2026-01-02 09:44:33.097144+00');
INSERT INTO public.family_tree_edges VALUES ('e7000001-1111-4000-8000-000000000008', 'f0000007-0000-0000-0000-000000000007', 'b7000001-1111-4000-8000-000000000003', 'b7000001-1111-4000-8000-000000000006', 'PARENT_OF', '2026-01-02 09:44:33.097144+00');
INSERT INTO public.family_tree_edges VALUES ('e8000001-2222-4000-8000-000000000001', 'f0000008-0000-0000-0000-000000000008', 'b8000001-2222-4000-8000-000000000001', 'b8000001-2222-4000-8000-000000000002', 'SPOUSE_OF', '2026-01-02 09:45:05.058268+00');
INSERT INTO public.family_tree_edges VALUES ('e8000001-2222-4000-8000-000000000002', 'f0000008-0000-0000-0000-000000000008', 'b8000001-2222-4000-8000-000000000001', 'b8000001-2222-4000-8000-000000000003', 'PARENT_OF', '2026-01-02 09:45:05.058268+00');
INSERT INTO public.family_tree_edges VALUES ('e8000001-2222-4000-8000-000000000003', 'f0000008-0000-0000-0000-000000000008', 'b8000001-2222-4000-8000-000000000001', 'b8000001-2222-4000-8000-000000000004', 'PARENT_OF', '2026-01-02 09:45:05.058268+00');
INSERT INTO public.family_tree_edges VALUES ('e8000001-2222-4000-8000-000000000004', 'f0000008-0000-0000-0000-000000000008', 'b8000001-2222-4000-8000-000000000001', 'b8000001-2222-4000-8000-000000000005', 'PARENT_OF', '2026-01-02 09:45:05.058268+00');
INSERT INTO public.family_tree_edges VALUES ('e8000001-2222-4000-8000-000000000005', 'f0000008-0000-0000-0000-000000000008', 'b8000001-2222-4000-8000-000000000002', 'b8000001-2222-4000-8000-000000000003', 'PARENT_OF', '2026-01-02 09:45:05.058268+00');
INSERT INTO public.family_tree_edges VALUES ('e8000001-2222-4000-8000-000000000006', 'f0000008-0000-0000-0000-000000000008', 'b8000001-2222-4000-8000-000000000002', 'b8000001-2222-4000-8000-000000000004', 'PARENT_OF', '2026-01-02 09:45:05.058268+00');
INSERT INTO public.family_tree_edges VALUES ('e8000001-2222-4000-8000-000000000007', 'f0000008-0000-0000-0000-000000000008', 'b8000001-2222-4000-8000-000000000002', 'b8000001-2222-4000-8000-000000000005', 'PARENT_OF', '2026-01-02 09:45:05.058268+00');
INSERT INTO public.family_tree_edges VALUES ('e8000001-2222-4000-8000-000000000008', 'f0000008-0000-0000-0000-000000000008', 'b8000001-2222-4000-8000-000000000003', 'b8000001-2222-4000-8000-000000000006', 'PARENT_OF', '2026-01-02 09:45:05.058268+00');
INSERT INTO public.family_tree_edges VALUES ('e8000001-2222-4000-8000-000000000009', 'f0000008-0000-0000-0000-000000000008', 'b8000001-2222-4000-8000-000000000003', 'b8000001-2222-4000-8000-000000000007', 'PARENT_OF', '2026-01-02 09:45:05.058268+00');
INSERT INTO public.family_tree_edges VALUES ('e9000001-3333-4000-8000-000000000001', 'f0000009-0000-0000-0000-000000000009', 'b9000001-3333-4000-8000-000000000001', 'b9000001-3333-4000-8000-000000000002', 'SPOUSE_OF', '2026-01-02 09:45:42.410921+00');
INSERT INTO public.family_tree_edges VALUES ('e9000001-3333-4000-8000-000000000002', 'f0000009-0000-0000-0000-000000000009', 'b9000001-3333-4000-8000-000000000001', 'b9000001-3333-4000-8000-000000000003', 'PARENT_OF', '2026-01-02 09:45:42.410921+00');
INSERT INTO public.family_tree_edges VALUES ('e9000001-3333-4000-8000-000000000003', 'f0000009-0000-0000-0000-000000000009', 'b9000001-3333-4000-8000-000000000001', 'b9000001-3333-4000-8000-000000000004', 'PARENT_OF', '2026-01-02 09:45:42.410921+00');
INSERT INTO public.family_tree_edges VALUES ('e9000001-3333-4000-8000-000000000004', 'f0000009-0000-0000-0000-000000000009', 'b9000001-3333-4000-8000-000000000001', 'b9000001-3333-4000-8000-000000000005', 'PARENT_OF', '2026-01-02 09:45:42.410921+00');
INSERT INTO public.family_tree_edges VALUES ('e9000001-3333-4000-8000-000000000005', 'f0000009-0000-0000-0000-000000000009', 'b9000001-3333-4000-8000-000000000002', 'b9000001-3333-4000-8000-000000000003', 'PARENT_OF', '2026-01-02 09:45:42.410921+00');
INSERT INTO public.family_tree_edges VALUES ('e9000001-3333-4000-8000-000000000006', 'f0000009-0000-0000-0000-000000000009', 'b9000001-3333-4000-8000-000000000002', 'b9000001-3333-4000-8000-000000000004', 'PARENT_OF', '2026-01-02 09:45:42.410921+00');
INSERT INTO public.family_tree_edges VALUES ('e9000001-3333-4000-8000-000000000007', 'f0000009-0000-0000-0000-000000000009', 'b9000001-3333-4000-8000-000000000002', 'b9000001-3333-4000-8000-000000000005', 'PARENT_OF', '2026-01-02 09:45:42.410921+00');
INSERT INTO public.family_tree_edges VALUES ('e9000001-3333-4000-8000-000000000008', 'f0000009-0000-0000-0000-000000000009', 'b9000001-3333-4000-8000-000000000003', 'b9000001-3333-4000-8000-000000000006', 'PARENT_OF', '2026-01-02 09:45:42.410921+00');
INSERT INTO public.family_tree_edges VALUES ('e9000001-3333-4000-8000-000000000009', 'f0000009-0000-0000-0000-000000000009', 'b9000001-3333-4000-8000-000000000003', 'b9000001-3333-4000-8000-000000000007', 'PARENT_OF', '2026-01-02 09:45:42.410921+00');
INSERT INTO public.family_tree_edges VALUES ('ea000001-4444-4000-8000-000000000001', 'f0000010-0000-0000-0000-000000000010', 'ba000001-4444-4000-8000-000000000001', 'ba000001-4444-4000-8000-000000000002', 'SPOUSE_OF', '2026-01-02 09:46:24.45793+00');
INSERT INTO public.family_tree_edges VALUES ('ea000001-4444-4000-8000-000000000002', 'f0000010-0000-0000-0000-000000000010', 'ba000001-4444-4000-8000-000000000001', 'ba000001-4444-4000-8000-000000000003', 'PARENT_OF', '2026-01-02 09:46:24.45793+00');
INSERT INTO public.family_tree_edges VALUES ('ea000001-4444-4000-8000-000000000003', 'f0000010-0000-0000-0000-000000000010', 'ba000001-4444-4000-8000-000000000001', 'ba000001-4444-4000-8000-000000000004', 'PARENT_OF', '2026-01-02 09:46:24.45793+00');
INSERT INTO public.family_tree_edges VALUES ('ea000001-4444-4000-8000-000000000004', 'f0000010-0000-0000-0000-000000000010', 'ba000001-4444-4000-8000-000000000001', 'ba000001-4444-4000-8000-000000000005', 'PARENT_OF', '2026-01-02 09:46:24.45793+00');
INSERT INTO public.family_tree_edges VALUES ('ea000001-4444-4000-8000-000000000005', 'f0000010-0000-0000-0000-000000000010', 'ba000001-4444-4000-8000-000000000002', 'ba000001-4444-4000-8000-000000000003', 'PARENT_OF', '2026-01-02 09:46:24.45793+00');
INSERT INTO public.family_tree_edges VALUES ('ea000001-4444-4000-8000-000000000006', 'f0000010-0000-0000-0000-000000000010', 'ba000001-4444-4000-8000-000000000002', 'ba000001-4444-4000-8000-000000000004', 'PARENT_OF', '2026-01-02 09:46:24.45793+00');
INSERT INTO public.family_tree_edges VALUES ('ea000001-4444-4000-8000-000000000007', 'f0000010-0000-0000-0000-000000000010', 'ba000001-4444-4000-8000-000000000002', 'ba000001-4444-4000-8000-000000000005', 'PARENT_OF', '2026-01-02 09:46:24.45793+00');
INSERT INTO public.family_tree_edges VALUES ('ea000001-4444-4000-8000-000000000008', 'f0000010-0000-0000-0000-000000000010', 'ba000001-4444-4000-8000-000000000003', 'ba000001-4444-4000-8000-000000000006', 'PARENT_OF', '2026-01-02 09:46:24.45793+00');
INSERT INTO public.family_tree_edges VALUES ('ea000001-4444-4000-8000-000000000009', 'f0000010-0000-0000-0000-000000000010', 'ba000001-4444-4000-8000-000000000003', 'ba000001-4444-4000-8000-000000000007', 'PARENT_OF', '2026-01-02 09:46:24.45793+00');
INSERT INTO public.family_tree_edges VALUES ('ea000001-4444-4000-8000-000000000010', 'f0000010-0000-0000-0000-000000000010', 'ba000001-4444-4000-8000-000000000004', 'ba000001-4444-4000-8000-000000000008', 'PARENT_OF', '2026-01-02 09:46:24.45793+00');
INSERT INTO public.family_tree_edges VALUES ('ec000001-5555-4000-8000-000000000001', 'f0000001-0000-0000-0000-000000000001', 'b1000001-aaaa-4000-8000-000000000003', 'bc000001-5555-4000-8000-000000000001', 'SPOUSE_OF', '2026-01-02 09:47:26.140468+00');
INSERT INTO public.family_tree_edges VALUES ('ec000001-5555-4000-8000-000000000002', 'f0000001-0000-0000-0000-000000000001', 'bc000001-5555-4000-8000-000000000001', 'b1000001-aaaa-4000-8000-000000000006', 'PARENT_OF', '2026-01-02 09:47:26.140468+00');
INSERT INTO public.family_tree_edges VALUES ('ec000001-5555-4000-8000-000000000003', 'f0000007-0000-0000-0000-000000000007', 'b7000001-1111-4000-8000-000000000003', 'bc000001-5555-4000-8000-000000000002', 'SPOUSE_OF', '2026-01-02 09:47:26.140468+00');
INSERT INTO public.family_tree_edges VALUES ('ec000001-5555-4000-8000-000000000004', 'f0000007-0000-0000-0000-000000000007', 'bc000001-5555-4000-8000-000000000002', 'b7000001-1111-4000-8000-000000000006', 'PARENT_OF', '2026-01-02 09:47:26.140468+00');
INSERT INTO public.family_tree_edges VALUES ('ec000001-5555-4000-8000-000000000005', 'f0000002-0000-0000-0000-000000000002', 'b2000001-bbbb-4000-8000-000000000003', 'bc000001-5555-4000-8000-000000000003', 'SPOUSE_OF', '2026-01-02 09:47:26.140468+00');
INSERT INTO public.family_tree_edges VALUES ('ec000001-5555-4000-8000-000000000006', 'f0000002-0000-0000-0000-000000000002', 'bc000001-5555-4000-8000-000000000003', 'b2000001-bbbb-4000-8000-000000000005', 'PARENT_OF', '2026-01-02 09:47:26.140468+00');
INSERT INTO public.family_tree_edges VALUES ('ec000001-5555-4000-8000-000000000007', 'f0000002-0000-0000-0000-000000000002', 'bc000001-5555-4000-8000-000000000003', 'b2000001-bbbb-4000-8000-000000000006', 'PARENT_OF', '2026-01-02 09:47:26.140468+00');
INSERT INTO public.family_tree_edges VALUES ('ec000001-5555-4000-8000-000000000008', 'f0000008-0000-0000-0000-000000000008', 'b8000001-2222-4000-8000-000000000005', 'bc000001-5555-4000-8000-000000000004', 'SPOUSE_OF', '2026-01-02 09:47:26.140468+00');
INSERT INTO public.family_tree_edges VALUES ('ec000001-5555-4000-8000-000000000009', 'f0000006-0000-0000-0000-000000000006', 'b6000001-ffff-4000-8000-000000000005', 'bc000001-5555-4000-8000-000000000005', 'SPOUSE_OF', '2026-01-02 09:47:26.140468+00');
INSERT INTO public.family_tree_edges VALUES ('ec000001-5555-4000-8000-000000000010', 'f0000009-0000-0000-0000-000000000009', 'b9000001-3333-4000-8000-000000000005', 'bc000001-5555-4000-8000-000000000006', 'SPOUSE_OF', '2026-01-02 09:47:26.140468+00');
INSERT INTO public.family_tree_edges VALUES ('ec100001-aaaa-4000-8000-000000000001', 'f0000006-0000-0000-0000-000000000006', 'b6000001-ffff-4000-8000-000000000003', 'b3000001-cccc-4000-8000-000000000004', 'SPOUSE_OF', '2026-01-02 09:57:49.605214+00');
INSERT INTO public.family_tree_edges VALUES ('ec100001-aaaa-4000-8000-000000000002', 'f0000005-0000-0000-0000-000000000005', 'b5000001-eeee-4000-8000-000000000003', 'b4000001-dddd-4000-8000-000000000004', 'SPOUSE_OF', '2026-01-02 09:58:12.335633+00');
INSERT INTO public.family_tree_edges VALUES ('ec100001-aaaa-4000-8000-000000000003', 'f0000009-0000-0000-0000-000000000009', 'b9000001-3333-4000-8000-000000000003', 'b8000001-2222-4000-8000-000000000004', 'SPOUSE_OF', '2026-01-02 09:58:27.473571+00');
INSERT INTO public.family_tree_edges VALUES ('ec100001-aaaa-4000-8000-000000000004', 'f0000008-0000-0000-0000-000000000008', 'b8000001-2222-4000-8000-000000000004', 'b9000001-3333-4000-8000-000000000006', 'PARENT_OF', '2026-01-02 09:58:40.363506+00');
INSERT INTO public.family_tree_edges VALUES ('ec100001-aaaa-4000-8000-000000000005', 'f0000008-0000-0000-0000-000000000008', 'b8000001-2222-4000-8000-000000000004', 'b9000001-3333-4000-8000-000000000007', 'PARENT_OF', '2026-01-02 09:58:40.363506+00');
INSERT INTO public.family_tree_edges VALUES ('ec100001-aaaa-4000-8000-000000000006', 'f0000003-0000-0000-0000-000000000003', 'b3000001-cccc-4000-8000-000000000004', 'b6000001-ffff-4000-8000-000000000006', 'PARENT_OF', '2026-01-02 10:00:07.951872+00');
INSERT INTO public.family_tree_edges VALUES ('ec100001-aaaa-4000-8000-000000000007', 'f0000003-0000-0000-0000-000000000003', 'b3000001-cccc-4000-8000-000000000004', 'b6000001-ffff-4000-8000-000000000007', 'PARENT_OF', '2026-01-02 10:00:07.951872+00');
INSERT INTO public.family_tree_edges VALUES ('ec100001-aaaa-4000-8000-000000000008', 'f0000004-0000-0000-0000-000000000004', 'b4000001-dddd-4000-8000-000000000004', 'b5000001-eeee-4000-8000-000000000006', 'PARENT_OF', '2026-01-02 10:00:35.492034+00');
INSERT INTO public.family_tree_edges VALUES ('ec100001-aaaa-4000-8000-000000000009', 'f0000004-0000-0000-0000-000000000004', 'b4000001-dddd-4000-8000-000000000004', 'b5000001-eeee-4000-8000-000000000007', 'PARENT_OF', '2026-01-02 10:00:35.492034+00');
INSERT INTO public.users VALUES ('b1000000-0000-0000-0000-000000000001', 'a1000000-0000-0000-0000-000000000001', 'admin@benali.tn', '$2b$10$aGwBRhHI2fbkrVaPaEp37u5BtWA3o6IeGQV/ih5k/hi4uxemA7v.G', 'ADMIN', '2025-12-29 08:36:27.815545+00', NULL, NULL, NULL);
INSERT INTO public.users VALUES ('b1000000-0000-0000-0000-000000000002', 'a1000000-0000-0000-0000-000000000001', 'editor@benali.tn', '$2b$10$aGwBRhHI2fbkrVaPaEp37u5BtWA3o6IeGQV/ih5k/hi4uxemA7v.G', 'EDITOR', '2025-12-29 08:36:27.815545+00', NULL, NULL, NULL);
INSERT INTO public.users VALUES ('b2000000-0000-0000-0000-000000000001', 'a2000000-0000-0000-0000-000000000002', 'admin@trabelsi.tn', '$2b$10$aGwBRhHI2fbkrVaPaEp37u5BtWA3o6IeGQV/ih5k/hi4uxemA7v.G', 'ADMIN', '2025-12-29 08:36:27.815545+00', NULL, NULL, NULL);
INSERT INTO public.users VALUES ('d6045677-a860-436e-989e-4d55299bd760', '07a782d7-2e14-48ca-a20a-29c097f6c014', 'aymen.jedidi@ensi-uma.tn', '$2b$10$njx0O5VQLMVnv37.B4foreqggWWaITDcWRPSBuVjAr7k.yuG/Q.66', 'ADMIN', '2026-01-02 09:22:44.001208+00', 'Aymen', 'Jedidi', 'Tunis,Mahdia');
INSERT INTO public.users VALUES ('7ba25dc1-e77b-4534-a052-31148b1b7143', 'b6dac2ef-b08b-42f2-8b6e-ee2a11213b8f', 'youssef@gharbi.tn', '$2b$10$Shk0VPjj8vvXtZAwsEYrd.c5wAtKQAF6AU/.k50cC4tHmd6oH9lZi', 'ADMIN', '2026-01-02 09:32:04.755624+00', 'Youssef', 'Gharbi', 'Tunis');
INSERT INTO public.users VALUES ('1483ec3c-7492-4ed5-8343-e5da1344f304', 'b6dac2ef-b08b-42f2-8b6e-ee2a11213b8f', 'sara@gharbi.tn', '$2b$10$i0fskZzvSng944/sN/ZVPeLhnzw2U3s4bZNX.PcYP39ep7aMVmhyy', 'VIEWER', '2026-01-02 09:32:22.429238+00', 'Sara', 'Gharbi', 'Sfax');
INSERT INTO public.users VALUES ('a0000001-aaaa-4aaa-8aaa-aaaaaaaaaaaa', 'f0000001-0000-0000-0000-000000000001', 'tarek@bouazizi.tn', '$2b$10$rQZ5pLQH5Tv5ueGrOIHfFeVNkWUH0LhKJ6I.dJdNvJxQxmxaHKVVy', 'ADMIN', '2026-01-02 09:52:06.277698+00', 'Tarek', 'Bouazizi', 'Sidi Bouzid');
INSERT INTO public.users VALUES ('a0000002-bbbb-4bbb-8bbb-bbbbbbbbbbbb', 'f0000002-0000-0000-0000-000000000002', 'habib@hammami.tn', '$2b$10$rQZ5pLQH5Tv5ueGrOIHfFeVNkWUH0LhKJ6I.dJdNvJxQxmxaHKVVy', 'ADMIN', '2026-01-02 09:52:06.277698+00', 'Habib', 'Hammami', 'Kairouan');
INSERT INTO public.users VALUES ('a0000003-cccc-4ccc-8ccc-cccccccccccc', 'f0000003-0000-0000-0000-000000000003', 'salem@jebali.tn', '$2b$10$rQZ5pLQH5Tv5ueGrOIHfFeVNkWUH0LhKJ6I.dJdNvJxQxmxaHKVVy', 'ADMIN', '2026-01-02 09:52:06.277698+00', 'Salem', 'Jebali', 'Bizerte');
INSERT INTO public.users VALUES ('a0000004-dddd-4ddd-8ddd-dddddddddddd', 'f0000004-0000-0000-0000-000000000004', 'brahim@khelifi.tn', '$2b$10$rQZ5pLQH5Tv5ueGrOIHfFeVNkWUH0LhKJ6I.dJdNvJxQxmxaHKVVy', 'ADMIN', '2026-01-02 09:52:06.277698+00', 'Brahim', 'Khelifi', 'Monastir');
INSERT INTO public.users VALUES ('a0000005-eeee-4eee-8eee-eeeeeeeeeeee', 'f0000005-0000-0000-0000-000000000005', 'slaheddine@marzougui.tn', '$2b$10$rQZ5pLQH5Tv5ueGrOIHfFeVNkWUH0LhKJ6I.dJdNvJxQxmxaHKVVy', 'ADMIN', '2026-01-02 09:52:06.277698+00', 'Slaheddine', 'Marzougui', 'Sfax');
INSERT INTO public.users VALUES ('a0000006-ffff-4fff-8fff-ffffffffffff', 'f0000006-0000-0000-0000-000000000006', 'moncef@nasri.tn', '$2b$10$rQZ5pLQH5Tv5ueGrOIHfFeVNkWUH0LhKJ6I.dJdNvJxQxmxaHKVVy', 'ADMIN', '2026-01-02 09:52:06.277698+00', 'Moncef', 'Nasri', 'Tunis');
INSERT INTO public.users VALUES ('a0000007-1111-4111-8111-111111111111', 'f0000007-0000-0000-0000-000000000007', 'adel@oueslati.tn', '$2b$10$rQZ5pLQH5Tv5ueGrOIHfFeVNkWUH0LhKJ6I.dJdNvJxQxmxaHKVVy', 'ADMIN', '2026-01-02 09:52:06.277698+00', 'Adel', 'Oueslati', 'Sousse');
INSERT INTO public.users VALUES ('a0000008-2222-4222-8222-222222222222', 'f0000008-0000-0000-0000-000000000008', 'abdallah@saidi.tn', '$2b$10$rQZ5pLQH5Tv5ueGrOIHfFeVNkWUH0LhKJ6I.dJdNvJxQxmxaHKVVy', 'ADMIN', '2026-01-02 09:52:06.277698+00', 'Abdallah', 'Saidi', 'Gabes');
INSERT INTO public.users VALUES ('a0000009-3333-4333-8333-333333333333', 'f0000009-0000-0000-0000-000000000009', 'salah@turki.tn', '$2b$10$rQZ5pLQH5Tv5ueGrOIHfFeVNkWUH0LhKJ6I.dJdNvJxQxmxaHKVVy', 'ADMIN', '2026-01-02 09:52:06.277698+00', 'Salah', 'Turki', 'Tozeur');
INSERT INTO public.users VALUES ('a0000010-4444-4444-8444-444444444444', 'f0000010-0000-0000-0000-000000000010', 'mustapha@zarrouk.tn', '$2b$10$rQZ5pLQH5Tv5ueGrOIHfFeVNkWUH0LhKJ6I.dJdNvJxQxmxaHKVVy', 'ADMIN', '2026-01-02 09:52:06.277698+00', 'Mustapha', 'Zarrouk', 'Djerba');
